id,name,username,email,phone,website,company_name,company_catchPhrase,company_bs
1,"Leanne Graham","Bret","Sincere@april.biz","not_a_phone_number","hildegard.org","Romaguera-Crona","Multi-layered client-server neural-net","harness real-time e-markets"
2,"12345","Antonette","12345@melissa.tv","010-692-6593 x09125","anastasia.net","Deckow-Crist","Proactive didactic contingency","synergize scalable supply-chains"
"three","Clementine Bauch","Samantha","Nathan@yesenia.net","1-463-123-4447","ramiro.info","Romaguera-Jacobson","Face to face bifurcated interface","e-enable strategic applications"
4,"Patricia Lebsack","Karianne","Julianne.OConner@kory.org","493-170-9623 x156","not_a_url","Robel-Corkery","Multi-tiered zero tolerance productivity","transition cutting-edge web services"
5,"Chelsey Dietrich","Kamren","Lucio_Hettinger@annie.ca","(254)954-1289","demarco.info","Keebler LLC","12345","revolutionize end-to-end systems"
