id,name,username,email,phone,website,company_name,company_catchPhrase,company_bs
1,"Leanne Graham","Bret","Sincere@april.biz","1-770-736-8031 x56442","hildegard.org","Romaguera-Crona","Multi-layered client-server neural-net","harness real-time e-markets"
9,"Ervin Howell","Antonette","Shanna@melissa.tv","010-692-6593 x09125","anastasia.net","Deckow-Crist","Proactive didactic contingency","synergize scalable supply-chains"
2,"Mrs. Dennis Schulist","Leopoldo_Corkery","Karley_Dach@jasper.info","1-477-935-8478 x6430","ola.org","Considine-Lockman","Synchronised bottom-line interface","e-enable innovative applications"
7,"Kurtis Weissnat","Elwyn.Skiles","Telly.Hoeger@billy.biz","210.067.6132","elvis.io","Johns Group","Configurable multimedia task-force","generate enterprise e-tailers"
10,"Clementina DuBuque","Moriah.Stanton","Rey.Padberg@karina.biz","024-648-3804","ambrose.net","Hoeger LLC","Centralized empowering task-force","target end-to-end models"