id,name,username,email,phone,website,company_name,company_catchPhrase,company_bs
1,"Leanne Graham","Bret","Sincere@april.biz","1-770-736-8031 x56442","hildegard.org","Romaguera-Crona","Multi-layered client-server neural-net","harness real-time e-markets"
2,"Ervin Howell","Antonette","Shanna@melissa.tv","010-692-6593 x09125","anastasia.net","Deckow-Crist","Proactive didactic contingency","synergize scalable supply-chains"
3,"Clementine Bauch","Samantha","Nathan@yesenia.net","1-463-123-4447","ramiro.info","Romaguera-Jacobson","Face to face bifurcated interface","e-enable strategic applications"
4,"Patricia Lebsack","Karianne","Julianne.OConner@kory.org","493-170-9623 x156","kale.biz","Robel-Corkery","Multi-tiered zero tolerance productivity","transition cutting-edge web services"
5,"Chelsey Dietrich","Kamren","Lucio_Hettinger@annie.ca","(254)954-1289","demarco.info","Keebler LLC","User-centric fault-tolerant solution","revolutionize end-to-end systems"
6,"Mrs. Dennis Schulist","Leopoldo_Corkery","Karley_Dach@jasper.info","1-477-935-8478 x6430","ola.org","Considine-Lockman","Synchronised bottom-line interface","e-enable innovative applications"
7,"Kurtis Weissnat","Elwyn.Skiles","Telly.Hoeger@billy.biz","210.067.6132","elvis.io","Johns Group","Configurable multimedia task-force","generate enterprise e-tailers"
8,"Nicholas Runolfsdottir V","Maxime_Nienow","Sherwood@rosamond.me","586.493.6943 x140","jacynthe.com","Abernathy Group","Implemented secondary concept","e-enable extensible e-tailers"
9,"Glenna Reichert","Delphine","Chaim_McDermott@dana.io","(775)976-6794 x41206","conrad.com","Yost and Sons","Switchable contextually-based project","aggregate real-time technologies"
10,"Clementina DuBuque","Moriah.Stanton","Rey.Padberg@karina.biz","024-648-3804","ambrose.net","Hoeger LLC","Centralized empowering task-force","target end-to-end models"
